filename,test_name,test_id,issue_severity,issue_confidence,issue_cwe,issue_text,line_number,col_offset,line_range,more_info
shuup/shuup/_misc/doccov.py,jinja2_autoescape_false,B701,HIGH,HIGH,https://cwe.mitre.org/data/definitions/94.html,"By default, jinja2 sets autoescape to False. Consider using autoescape=True or use the select_autoescape function to mitigate XSS vulnerabilities.",418,14,[418],https://bandit.readthedocs.io/en/1.7.4/plugins/b701_jinja2_autoescape_false.html
shuup/shuup/_misc/language_twister.py,blacklist,B307,MEDIUM,HIGH,https://cwe.mitre.org/data/definitions/78.html,Use of possibly insecure function - consider using safer ast.literal_eval.,36,36,[36],https://bandit.readthedocs.io/en/1.7.4/blacklists/blacklist_calls.html#b307-eval
shuup/shuup/branding/generate_variants.py,subprocess_without_shell_equals_true,B603,LOW,HIGH,https://cwe.mitre.org/data/definitions/78.html,subprocess call - check for execution of untrusted input.,60,12,[60],https://bandit.readthedocs.io/en/1.7.4/plugins/b603_subprocess_without_shell_equals_true.html
shuup/shuup/branding/generate_variants.py,subprocess_without_shell_equals_true,B603,LOW,HIGH,https://cwe.mitre.org/data/definitions/78.html,subprocess call - check for execution of untrusted input.,75,12,[75],https://bandit.readthedocs.io/en/1.7.4/plugins/b603_subprocess_without_shell_equals_true.html
shuup/shuup/generate_apidoc.py,subprocess_without_shell_equals_true,B603,LOW,HIGH,https://cwe.mitre.org/data/definitions/78.html,subprocess call - check for execution of untrusted input.,32,14,"[32, 33]",https://bandit.readthedocs.io/en/1.7.4/plugins/b603_subprocess_without_shell_equals_true.html
shuup/shuup/shuup/addons/admin_module/views/upload.py,try_except_pass,B110,LOW,HIGH,https://cwe.mitre.org/data/definitions/703.html,"Try, Except, Pass detected.",119,12,[119],https://bandit.readthedocs.io/en/1.7.4/plugins/b110_try_except_pass.html
shuup/shuup/shuup/addons/installer.py,subprocess_popen_with_shell_equals_true,B602,HIGH,HIGH,https://cwe.mitre.org/data/definitions/78.html,"subprocess call with shell=True identified, security issue.",41,15,"[37, 38, 39, 40, 41]",https://bandit.readthedocs.io/en/1.7.4/plugins/b602_subprocess_popen_with_shell_equals_true.html
shuup/shuup/shuup/admin/base.py,hashlib,B324,HIGH,HIGH,https://cwe.mitre.org/data/definitions/327.html,"Use of weak MD4, MD5, or SHA1 hash for security. Consider usedforsecurity=False",174,15,[174],https://bandit.readthedocs.io/en/1.7.4/plugins/b324_hashlib.html
shuup/shuup/shuup/admin/base.py,hashlib,B324,HIGH,HIGH,https://cwe.mitre.org/data/definitions/327.html,"Use of weak MD4, MD5, or SHA1 hash for security. Consider usedforsecurity=False",291,18,[291],https://bandit.readthedocs.io/en/1.7.4/plugins/b324_hashlib.html
shuup/shuup/shuup/admin/forms/_auth.py,hardcoded_password_string,B105,LOW,MEDIUM,https://cwe.mitre.org/data/definitions/259.html,Possible hardcoded password: 'shuup_admin:recover_password',87,45,"[87, 88]",https://bandit.readthedocs.io/en/1.7.4/plugins/b105_hardcoded_password_string.html
shuup/shuup/shuup/admin/forms/widgets.py,django_mark_safe,B703,MEDIUM,HIGH,https://cwe.mitre.org/data/definitions/80.html,Potential XSS on mark_safe function.,73,15,"[73, 74, 75, 76, 77, 78, 79, 80, 81, 82]",https://bandit.readthedocs.io/en/1.7.4/plugins/b703_django_mark_safe.html
shuup/shuup/shuup/admin/forms/widgets.py,blacklist,B308,MEDIUM,HIGH,https://cwe.mitre.org/data/definitions/79.html,Use of mark_safe() may expose cross-site scripting vulnerabilities and should be reviewed.,73,15,"[73, 74, 75, 76, 77, 78, 79, 80, 81, 82]",https://bandit.readthedocs.io/en/1.7.4/blacklists/blacklist_calls.html#b308-mark-safe
shuup/shuup/shuup/admin/forms/widgets.py,django_mark_safe,B703,MEDIUM,HIGH,https://cwe.mitre.org/data/definitions/80.html,Potential XSS on mark_safe function.,101,15,"[101, 102, 103, 104, 105, 106, 107, 108, 109, 110, 111, 112, 113]",https://bandit.readthedocs.io/en/1.7.4/plugins/b703_django_mark_safe.html
shuup/shuup/shuup/admin/forms/widgets.py,blacklist,B308,MEDIUM,HIGH,https://cwe.mitre.org/data/definitions/79.html,Use of mark_safe() may expose cross-site scripting vulnerabilities and should be reviewed.,101,15,"[101, 102, 103, 104, 105, 106, 107, 108, 109, 110, 111, 112, 113]",https://bandit.readthedocs.io/en/1.7.4/blacklists/blacklist_calls.html#b308-mark-safe
shuup/shuup/shuup/admin/forms/widgets.py,django_mark_safe,B703,MEDIUM,HIGH,https://cwe.mitre.org/data/definitions/80.html,Potential XSS on mark_safe function.,180,15,"[180, 181, 182]",https://bandit.readthedocs.io/en/1.7.4/plugins/b703_django_mark_safe.html
shuup/shuup/shuup/admin/forms/widgets.py,blacklist,B308,MEDIUM,HIGH,https://cwe.mitre.org/data/definitions/79.html,Use of mark_safe() may expose cross-site scripting vulnerabilities and should be reviewed.,180,15,"[180, 181, 182]",https://bandit.readthedocs.io/en/1.7.4/blacklists/blacklist_calls.html#b308-mark-safe
shuup/shuup/shuup/admin/forms/widgets.py,django_mark_safe,B703,MEDIUM,HIGH,https://cwe.mitre.org/data/definitions/80.html,Potential XSS on mark_safe function.,192,15,"[192, 193, 194]",https://bandit.readthedocs.io/en/1.7.4/plugins/b703_django_mark_safe.html
shuup/shuup/shuup/admin/forms/widgets.py,blacklist,B308,MEDIUM,HIGH,https://cwe.mitre.org/data/definitions/79.html,Use of mark_safe() may expose cross-site scripting vulnerabilities and should be reviewed.,192,15,"[192, 193, 194]",https://bandit.readthedocs.io/en/1.7.4/blacklists/blacklist_calls.html#b308-mark-safe
shuup/shuup/shuup/admin/modules/support/__init__.py,try_except_pass,B110,LOW,HIGH,https://cwe.mitre.org/data/definitions/703.html,"Try, Except, Pass detected.",29,12,[29],https://bandit.readthedocs.io/en/1.7.4/plugins/b110_try_except_pass.html
shuup/shuup/shuup/admin/modules/users/views/detail.py,blacklist,B311,LOW,HIGH,https://cwe.mitre.org/data/definitions/330.html,Standard pseudo-random generators are not suitable for security/cryptographic purposes.,317,40,[317],https://bandit.readthedocs.io/en/1.7.4/blacklists/blacklist_calls.html#b311-random
shuup/shuup/shuup/admin/templatetags/shuup_admin.py,django_mark_safe,B703,MEDIUM,HIGH,https://cwe.mitre.org/data/definitions/80.html,Potential XSS on mark_safe function.,20,15,[20],https://bandit.readthedocs.io/en/1.7.4/plugins/b703_django_mark_safe.html
shuup/shuup/shuup/admin/templatetags/shuup_admin.py,blacklist,B308,MEDIUM,HIGH,https://cwe.mitre.org/data/definitions/79.html,Use of mark_safe() may expose cross-site scripting vulnerabilities and should be reviewed.,20,15,[20],https://bandit.readthedocs.io/en/1.7.4/blacklists/blacklist_calls.html#b308-mark-safe
shuup/shuup/shuup/admin/templatetags/shuup_admin.py,django_mark_safe,B703,MEDIUM,HIGH,https://cwe.mitre.org/data/definitions/80.html,Potential XSS on mark_safe function.,23,15,[23],https://bandit.readthedocs.io/en/1.7.4/plugins/b703_django_mark_safe.html
shuup/shuup/shuup/admin/templatetags/shuup_admin.py,blacklist,B308,MEDIUM,HIGH,https://cwe.mitre.org/data/definitions/79.html,Use of mark_safe() may expose cross-site scripting vulnerabilities and should be reviewed.,23,15,[23],https://bandit.readthedocs.io/en/1.7.4/blacklists/blacklist_calls.html#b308-mark-safe
shuup/shuup/shuup/admin/toolbar.py,django_mark_safe,B703,MEDIUM,HIGH,https://cwe.mitre.org/data/definitions/80.html,Potential XSS on mark_safe function.,223,31,[223],https://bandit.readthedocs.io/en/1.7.4/plugins/b703_django_mark_safe.html
shuup/shuup/shuup/admin/toolbar.py,blacklist,B308,MEDIUM,HIGH,https://cwe.mitre.org/data/definitions/79.html,Use of mark_safe() may expose cross-site scripting vulnerabilities and should be reviewed.,223,31,[223],https://bandit.readthedocs.io/en/1.7.4/blacklists/blacklist_calls.html#b308-mark-safe
shuup/shuup/shuup/admin/toolbar.py,django_mark_safe,B703,MEDIUM,HIGH,https://cwe.mitre.org/data/definitions/80.html,Potential XSS on mark_safe function.,327,28,[327],https://bandit.readthedocs.io/en/1.7.4/plugins/b703_django_mark_safe.html
shuup/shuup/shuup/admin/toolbar.py,blacklist,B308,MEDIUM,HIGH,https://cwe.mitre.org/data/definitions/79.html,Use of mark_safe() may expose cross-site scripting vulnerabilities and should be reviewed.,327,28,[327],https://bandit.readthedocs.io/en/1.7.4/blacklists/blacklist_calls.html#b308-mark-safe
shuup/shuup/shuup/campaigns/models/campaigns.py,hashlib,B324,HIGH,HIGH,https://cwe.mitre.org/data/definitions/327.html,"Use of weak MD4, MD5, or SHA1 hash for security. Consider usedforsecurity=False",192,36,[192],https://bandit.readthedocs.io/en/1.7.4/plugins/b324_hashlib.html
shuup/shuup/shuup/campaigns/models/campaigns.py,blacklist,B311,LOW,HIGH,https://cwe.mitre.org/data/definitions/330.html,Standard pseudo-random generators are not suitable for security/cryptographic purposes.,464,23,[464],https://bandit.readthedocs.io/en/1.7.4/blacklists/blacklist_calls.html#b311-random
shuup/shuup/shuup/campaigns/models/matching.py,hashlib,B324,HIGH,HIGH,https://cwe.mitre.org/data/definitions/327.html,"Use of weak MD4, MD5, or SHA1 hash for security. Consider usedforsecurity=False",21,49,[21],https://bandit.readthedocs.io/en/1.7.4/plugins/b324_hashlib.html
shuup/shuup/shuup/core/basket/objects.py,hashlib,B324,HIGH,HIGH,https://cwe.mitre.org/data/definitions/327.html,"Use of weak MD4, MD5, or SHA1 hash for security. Consider usedforsecurity=False",148,15,[148],https://bandit.readthedocs.io/en/1.7.4/plugins/b324_hashlib.html
shuup/shuup/shuup/core/cache/impl.py,blacklist,B311,LOW,HIGH,https://cwe.mitre.org/data/definitions/330.html,Standard pseudo-random generators are not suitable for security/cryptographic purposes.,81,46,[81],https://bandit.readthedocs.io/en/1.7.4/blacklists/blacklist_calls.html#b311-random
shuup/shuup/shuup/core/migrations/0020_md_to_html.py,try_except_continue,B112,LOW,HIGH,https://cwe.mitre.org/data/definitions/703.html,"Try, Except, Continue detected.",14,8,[14],https://bandit.readthedocs.io/en/1.7.4/plugins/b112_try_except_continue.html
shuup/shuup/shuup/core/models/_attributes.py,try_except_pass,B110,LOW,HIGH,https://cwe.mitre.org/data/definitions/703.html,"Try, Except, Pass detected.",443,8,[443],https://bandit.readthedocs.io/en/1.7.4/plugins/b110_try_except_pass.html
shuup/shuup/shuup/core/models/_product_variation.py,hashlib,B324,HIGH,HIGH,https://cwe.mitre.org/data/definitions/327.html,"Use of weak MD4, MD5, or SHA1 hash for security. Consider usedforsecurity=False",132,25,[132],https://bandit.readthedocs.io/en/1.7.4/plugins/b324_hashlib.html
shuup/shuup/shuup/core/templatetags/shuup_common.py,django_mark_safe,B703,MEDIUM,HIGH,https://cwe.mitre.org/data/definitions/80.html,Potential XSS on mark_safe function.,138,11,[138],https://bandit.readthedocs.io/en/1.7.4/plugins/b703_django_mark_safe.html
shuup/shuup/shuup/core/templatetags/shuup_common.py,blacklist,B308,MEDIUM,HIGH,https://cwe.mitre.org/data/definitions/79.html,Use of mark_safe() may expose cross-site scripting vulnerabilities and should be reviewed.,138,11,[138],https://bandit.readthedocs.io/en/1.7.4/blacklists/blacklist_calls.html#b308-mark-safe
shuup/shuup/shuup/core/templatetags/shuup_common.py,django_mark_safe,B703,MEDIUM,HIGH,https://cwe.mitre.org/data/definitions/80.html,Potential XSS on mark_safe function.,147,11,[147],https://bandit.readthedocs.io/en/1.7.4/plugins/b703_django_mark_safe.html
shuup/shuup/shuup/core/templatetags/shuup_common.py,blacklist,B308,MEDIUM,HIGH,https://cwe.mitre.org/data/definitions/79.html,Use of mark_safe() may expose cross-site scripting vulnerabilities and should be reviewed.,147,11,[147],https://bandit.readthedocs.io/en/1.7.4/blacklists/blacklist_calls.html#b308-mark-safe
shuup/shuup/shuup/core/templatetags/shuup_common.py,django_mark_safe,B703,MEDIUM,HIGH,https://cwe.mitre.org/data/definitions/80.html,Potential XSS on mark_safe function.,164,11,[164],https://bandit.readthedocs.io/en/1.7.4/plugins/b703_django_mark_safe.html
shuup/shuup/shuup/core/templatetags/shuup_common.py,blacklist,B308,MEDIUM,HIGH,https://cwe.mitre.org/data/definitions/79.html,Use of mark_safe() may expose cross-site scripting vulnerabilities and should be reviewed.,164,11,[164],https://bandit.readthedocs.io/en/1.7.4/blacklists/blacklist_calls.html#b308-mark-safe
shuup/shuup/shuup/core/utils/context_cache.py,hashlib,B324,HIGH,HIGH,https://cwe.mitre.org/data/definitions/327.html,"Use of weak MD4, MD5, or SHA1 hash for security. Consider usedforsecurity=False",221,15,[221],https://bandit.readthedocs.io/en/1.7.4/plugins/b324_hashlib.html
shuup/shuup/shuup/core/utils/context_cache.py,hashlib,B324,HIGH,HIGH,https://cwe.mitre.org/data/definitions/327.html,"Use of weak MD4, MD5, or SHA1 hash for security. Consider usedforsecurity=False",294,15,[294],https://bandit.readthedocs.io/en/1.7.4/plugins/b324_hashlib.html
shuup/shuup/shuup/core/utils/forms.py,hardcoded_password_string,B105,LOW,MEDIUM,https://cwe.mitre.org/data/definitions/259.html,Possible hardcoded password: 'shuup:recover_password_confirm',101,45,"[101, 102]",https://bandit.readthedocs.io/en/1.7.4/plugins/b105_hardcoded_password_string.html
shuup/shuup/shuup/core/utils/query.py,django_extra_used,B610,MEDIUM,MEDIUM,https://cwe.mitre.org/data/definitions/89.html,Use of extra potential SQL attack vector.,34,8,[34],https://bandit.readthedocs.io/en/1.7.4/plugins/b610_django_extra_used.html
shuup/shuup/shuup/front/apps/simple_search/template_helpers.py,django_mark_safe,B703,MEDIUM,HIGH,https://cwe.mitre.org/data/definitions/80.html,Potential XSS on mark_safe function.,29,15,[29],https://bandit.readthedocs.io/en/1.7.4/plugins/b703_django_mark_safe.html
shuup/shuup/shuup/front/apps/simple_search/template_helpers.py,blacklist,B308,MEDIUM,HIGH,https://cwe.mitre.org/data/definitions/79.html,Use of mark_safe() may expose cross-site scripting vulnerabilities and should be reviewed.,29,15,[29],https://bandit.readthedocs.io/en/1.7.4/blacklists/blacklist_calls.html#b308-mark-safe
shuup/shuup/shuup/front/checkout/methods.py,django_mark_safe,B703,MEDIUM,HIGH,https://cwe.mitre.org/data/definitions/80.html,Potential XSS on mark_safe function.,41,15,"[41, 42, 43, 44, 45, 46, 47, 48, 49]",https://bandit.readthedocs.io/en/1.7.4/plugins/b703_django_mark_safe.html
shuup/shuup/shuup/front/checkout/methods.py,blacklist,B308,MEDIUM,HIGH,https://cwe.mitre.org/data/definitions/79.html,Use of mark_safe() may expose cross-site scripting vulnerabilities and should be reviewed.,41,15,"[41, 42, 43, 44, 45, 46, 47, 48, 49]",https://bandit.readthedocs.io/en/1.7.4/blacklists/blacklist_calls.html#b308-mark-safe
shuup/shuup/shuup/front/forms/product_list_modifiers.py,django_mark_safe,B703,MEDIUM,HIGH,https://cwe.mitre.org/data/definitions/80.html,Potential XSS on mark_safe function.,47,15,"[47, 48, 49, 50]",https://bandit.readthedocs.io/en/1.7.4/plugins/b703_django_mark_safe.html
shuup/shuup/shuup/front/forms/product_list_modifiers.py,blacklist,B308,MEDIUM,HIGH,https://cwe.mitre.org/data/definitions/79.html,Use of mark_safe() may expose cross-site scripting vulnerabilities and should be reviewed.,47,15,"[47, 48, 49, 50]",https://bandit.readthedocs.io/en/1.7.4/blacklists/blacklist_calls.html#b308-mark-safe
shuup/shuup/shuup/front/forms/product_list_modifiers.py,django_mark_safe,B703,MEDIUM,HIGH,https://cwe.mitre.org/data/definitions/80.html,Potential XSS on mark_safe function.,63,15,"[63, 64, 65, 66]",https://bandit.readthedocs.io/en/1.7.4/plugins/b703_django_mark_safe.html
shuup/shuup/shuup/front/forms/product_list_modifiers.py,blacklist,B308,MEDIUM,HIGH,https://cwe.mitre.org/data/definitions/79.html,Use of mark_safe() may expose cross-site scripting vulnerabilities and should be reviewed.,63,15,"[63, 64, 65, 66]",https://bandit.readthedocs.io/en/1.7.4/blacklists/blacklist_calls.html#b308-mark-safe
shuup/shuup/shuup/front/forms/widget.py,django_mark_safe,B703,MEDIUM,HIGH,https://cwe.mitre.org/data/definitions/80.html,Potential XSS on mark_safe function.,70,15,"[70, 71, 72]",https://bandit.readthedocs.io/en/1.7.4/plugins/b703_django_mark_safe.html
shuup/shuup/shuup/front/forms/widget.py,blacklist,B308,MEDIUM,HIGH,https://cwe.mitre.org/data/definitions/79.html,Use of mark_safe() may expose cross-site scripting vulnerabilities and should be reviewed.,70,15,"[70, 71, 72]",https://bandit.readthedocs.io/en/1.7.4/blacklists/blacklist_calls.html#b308-mark-safe
shuup/shuup/shuup/front/templatetags/shuup_front.py,django_mark_safe,B703,MEDIUM,HIGH,https://cwe.mitre.org/data/definitions/80.html,Potential XSS on mark_safe function.,59,11,[59],https://bandit.readthedocs.io/en/1.7.4/plugins/b703_django_mark_safe.html
shuup/shuup/shuup/front/templatetags/shuup_front.py,blacklist,B308,MEDIUM,HIGH,https://cwe.mitre.org/data/definitions/79.html,Use of mark_safe() may expose cross-site scripting vulnerabilities and should be reviewed.,59,11,[59],https://bandit.readthedocs.io/en/1.7.4/blacklists/blacklist_calls.html#b308-mark-safe
shuup/shuup/shuup/front/templatetags/thumbnails.py,hashlib,B324,HIGH,HIGH,https://cwe.mitre.org/data/definitions/327.html,"Use of weak MD4, MD5, or SHA1 hash for security. Consider usedforsecurity=False",42,18,[42],https://bandit.readthedocs.io/en/1.7.4/plugins/b324_hashlib.html
shuup/shuup/shuup/front/utils/dashboard.py,django_mark_safe,B703,MEDIUM,HIGH,https://cwe.mitre.org/data/definitions/80.html,Potential XSS on mark_safe function.,82,15,[82],https://bandit.readthedocs.io/en/1.7.4/plugins/b703_django_mark_safe.html
shuup/shuup/shuup/front/utils/dashboard.py,blacklist,B308,MEDIUM,HIGH,https://cwe.mitre.org/data/definitions/79.html,Use of mark_safe() may expose cross-site scripting vulnerabilities and should be reviewed.,82,15,[82],https://bandit.readthedocs.io/en/1.7.4/blacklists/blacklist_calls.html#b308-mark-safe
shuup/shuup/shuup/front/utils/product.py,django_mark_safe,B703,MEDIUM,HIGH,https://cwe.mitre.org/data/definitions/80.html,Potential XSS on mark_safe function.,125,19,[125],https://bandit.readthedocs.io/en/1.7.4/plugins/b703_django_mark_safe.html
shuup/shuup/shuup/front/utils/product.py,blacklist,B308,MEDIUM,HIGH,https://cwe.mitre.org/data/definitions/79.html,Use of mark_safe() may expose cross-site scripting vulnerabilities and should be reviewed.,125,19,[125],https://bandit.readthedocs.io/en/1.7.4/blacklists/blacklist_calls.html#b308-mark-safe
shuup/shuup/shuup/front/views/order.py,hardcoded_password_string,B105,LOW,MEDIUM,https://cwe.mitre.org/data/definitions/259.html,Possible hardcoded password: '//IMPLICIT//',39,61,[39],https://bandit.readthedocs.io/en/1.7.4/plugins/b105_hardcoded_password_string.html
shuup/shuup/shuup/gdpr/anonymizer.py,hardcoded_bind_all_interfaces,B104,MEDIUM,MEDIUM,https://cwe.mitre.org/data/definitions/605.html,Possible binding to all interfaces.,58,15,[58],https://bandit.readthedocs.io/en/1.7.4/plugins/b104_hardcoded_bind_all_interfaces.html
shuup/shuup/shuup/gdpr/providers.py,django_mark_safe,B703,MEDIUM,HIGH,https://cwe.mitre.org/data/definitions/80.html,Potential XSS on mark_safe function.,25,15,[25],https://bandit.readthedocs.io/en/1.7.4/plugins/b703_django_mark_safe.html
shuup/shuup/shuup/gdpr/providers.py,blacklist,B308,MEDIUM,HIGH,https://cwe.mitre.org/data/definitions/79.html,Use of mark_safe() may expose cross-site scripting vulnerabilities and should be reviewed.,25,15,[25],https://bandit.readthedocs.io/en/1.7.4/blacklists/blacklist_calls.html#b308-mark-safe
shuup/shuup/shuup/gdpr/providers.py,django_mark_safe,B703,MEDIUM,HIGH,https://cwe.mitre.org/data/definitions/80.html,Potential XSS on mark_safe function.,71,22,"[71, 72, 73, 74]",https://bandit.readthedocs.io/en/1.7.4/plugins/b703_django_mark_safe.html
shuup/shuup/shuup/gdpr/providers.py,blacklist,B308,MEDIUM,HIGH,https://cwe.mitre.org/data/definitions/79.html,Use of mark_safe() may expose cross-site scripting vulnerabilities and should be reviewed.,71,22,"[71, 72, 73, 74]",https://bandit.readthedocs.io/en/1.7.4/blacklists/blacklist_calls.html#b308-mark-safe
shuup/shuup/shuup/importer/_mapper.py,try_except_continue,B112,LOW,HIGH,https://cwe.mitre.org/data/definitions/703.html,"Try, Except, Continue detected.",59,16,[59],https://bandit.readthedocs.io/en/1.7.4/plugins/b112_try_except_continue.html
shuup/shuup/shuup/importer/_mapper.py,try_except_pass,B110,LOW,HIGH,https://cwe.mitre.org/data/definitions/703.html,"Try, Except, Pass detected.",67,8,[67],https://bandit.readthedocs.io/en/1.7.4/plugins/b110_try_except_pass.html
shuup/shuup/shuup/reports/writer.py,django_mark_safe,B703,MEDIUM,HIGH,https://cwe.mitre.org/data/definitions/80.html,Potential XSS on mark_safe function.,103,21,[103],https://bandit.readthedocs.io/en/1.7.4/plugins/b703_django_mark_safe.html
shuup/shuup/shuup/reports/writer.py,blacklist,B308,MEDIUM,HIGH,https://cwe.mitre.org/data/definitions/79.html,Use of mark_safe() may expose cross-site scripting vulnerabilities and should be reviewed.,103,21,[103],https://bandit.readthedocs.io/en/1.7.4/blacklists/blacklist_calls.html#b308-mark-safe
shuup/shuup/shuup/reports/writer.py,django_mark_safe,B703,MEDIUM,HIGH,https://cwe.mitre.org/data/definitions/80.html,Potential XSS on mark_safe function.,105,21,[105],https://bandit.readthedocs.io/en/1.7.4/plugins/b703_django_mark_safe.html
shuup/shuup/shuup/reports/writer.py,blacklist,B308,MEDIUM,HIGH,https://cwe.mitre.org/data/definitions/79.html,Use of mark_safe() may expose cross-site scripting vulnerabilities and should be reviewed.,105,21,[105],https://bandit.readthedocs.io/en/1.7.4/blacklists/blacklist_calls.html#b308-mark-safe
shuup/shuup/shuup/reports/writer.py,django_mark_safe,B703,MEDIUM,HIGH,https://cwe.mitre.org/data/definitions/80.html,Potential XSS on mark_safe function.,288,27,[288],https://bandit.readthedocs.io/en/1.7.4/plugins/b703_django_mark_safe.html
shuup/shuup/shuup/reports/writer.py,blacklist,B308,MEDIUM,HIGH,https://cwe.mitre.org/data/definitions/79.html,Use of mark_safe() may expose cross-site scripting vulnerabilities and should be reviewed.,288,27,[288],https://bandit.readthedocs.io/en/1.7.4/blacklists/blacklist_calls.html#b308-mark-safe
shuup/shuup/shuup/simple_cms/migrations/0002_md_to_html.py,try_except_pass,B110,LOW,HIGH,https://cwe.mitre.org/data/definitions/703.html,"Try, Except, Pass detected.",21,12,[21],https://bandit.readthedocs.io/en/1.7.4/plugins/b110_try_except_pass.html
shuup/shuup/shuup/tasks/models.py,django_mark_safe,B703,MEDIUM,HIGH,https://cwe.mitre.org/data/definitions/80.html,Potential XSS on mark_safe function.,201,15,[201],https://bandit.readthedocs.io/en/1.7.4/plugins/b703_django_mark_safe.html
shuup/shuup/shuup/tasks/models.py,blacklist,B308,MEDIUM,HIGH,https://cwe.mitre.org/data/definitions/79.html,Use of mark_safe() may expose cross-site scripting vulnerabilities and should be reviewed.,201,15,[201],https://bandit.readthedocs.io/en/1.7.4/blacklists/blacklist_calls.html#b308-mark-safe
shuup/shuup/shuup/testing/browser_utils.py,hardcoded_password_default,B107,LOW,MEDIUM,https://cwe.mitre.org/data/definitions/259.html,Possible hardcoded password: 'password',155,0,"[155, 156, 157, 158, 159, 160, 161, 162, 163, 164]",https://bandit.readthedocs.io/en/1.7.4/plugins/b107_hardcoded_password_default.html
shuup/shuup/shuup/testing/factories.py,blacklist,B311,LOW,HIGH,https://cwe.mitre.org/data/definitions/330.html,Standard pseudo-random generators are not suitable for security/cryptographic purposes.,110,15,[110],https://bandit.readthedocs.io/en/1.7.4/blacklists/blacklist_calls.html#b311-random
shuup/shuup/shuup/testing/factories.py,blacklist,B311,LOW,HIGH,https://cwe.mitre.org/data/definitions/330.html,Standard pseudo-random generators are not suitable for security/cryptographic purposes.,170,32,[170],https://bandit.readthedocs.io/en/1.7.4/blacklists/blacklist_calls.html#b311-random
shuup/shuup/shuup/testing/factories.py,blacklist,B311,LOW,HIGH,https://cwe.mitre.org/data/definitions/330.html,Standard pseudo-random generators are not suitable for security/cryptographic purposes.,227,11,[227],https://bandit.readthedocs.io/en/1.7.4/blacklists/blacklist_calls.html#b311-random
shuup/shuup/shuup/testing/factories.py,blacklist,B311,LOW,HIGH,https://cwe.mitre.org/data/definitions/330.html,Standard pseudo-random generators are not suitable for security/cryptographic purposes.,688,24,[688],https://bandit.readthedocs.io/en/1.7.4/blacklists/blacklist_calls.html#b311-random
shuup/shuup/shuup/testing/factories.py,blacklist,B311,LOW,HIGH,https://cwe.mitre.org/data/definitions/330.html,Standard pseudo-random generators are not suitable for security/cryptographic purposes.,717,33,[717],https://bandit.readthedocs.io/en/1.7.4/blacklists/blacklist_calls.html#b311-random
shuup/shuup/shuup/testing/factories.py,blacklist,B311,LOW,HIGH,https://cwe.mitre.org/data/definitions/330.html,Standard pseudo-random generators are not suitable for security/cryptographic purposes.,772,15,[772],https://bandit.readthedocs.io/en/1.7.4/blacklists/blacklist_calls.html#b311-random
shuup/shuup/shuup/testing/factories.py,blacklist,B311,LOW,HIGH,https://cwe.mitre.org/data/definitions/330.html,Standard pseudo-random generators are not suitable for security/cryptographic purposes.,787,21,[787],https://bandit.readthedocs.io/en/1.7.4/blacklists/blacklist_calls.html#b311-random
shuup/shuup/shuup/testing/factories.py,blacklist,B311,LOW,HIGH,https://cwe.mitre.org/data/definitions/330.html,Standard pseudo-random generators are not suitable for security/cryptographic purposes.,788,36,[788],https://bandit.readthedocs.io/en/1.7.4/blacklists/blacklist_calls.html#b311-random
shuup/shuup/shuup/testing/factories.py,blacklist,B311,LOW,HIGH,https://cwe.mitre.org/data/definitions/330.html,Standard pseudo-random generators are not suitable for security/cryptographic purposes.,789,20,[789],https://bandit.readthedocs.io/en/1.7.4/blacklists/blacklist_calls.html#b311-random
shuup/shuup/shuup/testing/factories.py,blacklist,B311,LOW,HIGH,https://cwe.mitre.org/data/definitions/330.html,Standard pseudo-random generators are not suitable for security/cryptographic purposes.,798,15,[798],https://bandit.readthedocs.io/en/1.7.4/blacklists/blacklist_calls.html#b311-random
shuup/shuup/shuup/testing/factories.py,blacklist,B311,LOW,HIGH,https://cwe.mitre.org/data/definitions/330.html,Standard pseudo-random generators are not suitable for security/cryptographic purposes.,844,71,[844],https://bandit.readthedocs.io/en/1.7.4/blacklists/blacklist_calls.html#b311-random
shuup/shuup/shuup/testing/factories.py,blacklist,B311,LOW,HIGH,https://cwe.mitre.org/data/definitions/330.html,Standard pseudo-random generators are not suitable for security/cryptographic purposes.,852,19,[852],https://bandit.readthedocs.io/en/1.7.4/blacklists/blacklist_calls.html#b311-random
shuup/shuup/shuup/testing/factories.py,blacklist,B311,LOW,HIGH,https://cwe.mitre.org/data/definitions/330.html,Standard pseudo-random generators are not suitable for security/cryptographic purposes.,858,22,[858],https://bandit.readthedocs.io/en/1.7.4/blacklists/blacklist_calls.html#b311-random
shuup/shuup/shuup/testing/factories.py,blacklist,B311,LOW,HIGH,https://cwe.mitre.org/data/definitions/330.html,Standard pseudo-random generators are not suitable for security/cryptographic purposes.,862,19,[862],https://bandit.readthedocs.io/en/1.7.4/blacklists/blacklist_calls.html#b311-random
shuup/shuup/shuup/testing/factories.py,blacklist,B311,LOW,HIGH,https://cwe.mitre.org/data/definitions/330.html,Standard pseudo-random generators are not suitable for security/cryptographic purposes.,881,11,[881],https://bandit.readthedocs.io/en/1.7.4/blacklists/blacklist_calls.html#b311-random
shuup/shuup/shuup/testing/factories.py,blacklist,B311,LOW,HIGH,https://cwe.mitre.org/data/definitions/330.html,Standard pseudo-random generators are not suitable for security/cryptographic purposes.,906,13,[906],https://bandit.readthedocs.io/en/1.7.4/blacklists/blacklist_calls.html#b311-random
shuup/shuup/shuup/testing/factories.py,blacklist,B311,LOW,HIGH,https://cwe.mitre.org/data/definitions/330.html,Standard pseudo-random generators are not suitable for security/cryptographic purposes.,907,24,[907],https://bandit.readthedocs.io/en/1.7.4/blacklists/blacklist_calls.html#b311-random
shuup/shuup/shuup/testing/image_generator.py,blacklist,B311,LOW,HIGH,https://cwe.mitre.org/data/definitions/330.html,Standard pseudo-random generators are not suitable for security/cryptographic purposes.,120,25,[120],https://bandit.readthedocs.io/en/1.7.4/blacklists/blacklist_calls.html#b311-random
shuup/shuup/shuup/testing/image_generator.py,blacklist,B311,LOW,HIGH,https://cwe.mitre.org/data/definitions/330.html,Standard pseudo-random generators are not suitable for security/cryptographic purposes.,121,19,[121],https://bandit.readthedocs.io/en/1.7.4/blacklists/blacklist_calls.html#b311-random
shuup/shuup/shuup/testing/mock_population.py,blacklist,B311,LOW,HIGH,https://cwe.mitre.org/data/definitions/330.html,Standard pseudo-random generators are not suitable for security/cryptographic purposes.,62,28,[62],https://bandit.readthedocs.io/en/1.7.4/blacklists/blacklist_calls.html#b311-random
shuup/shuup/shuup/testing/modules/demo/__init__.py,blacklist,B311,LOW,HIGH,https://cwe.mitre.org/data/definitions/330.html,Standard pseudo-random generators are not suitable for security/cryptographic purposes.,54,31,[54],https://bandit.readthedocs.io/en/1.7.4/blacklists/blacklist_calls.html#b311-random
shuup/shuup/shuup/testing/modules/demo/__init__.py,blacklist,B311,LOW,HIGH,https://cwe.mitre.org/data/definitions/330.html,Standard pseudo-random generators are not suitable for security/cryptographic purposes.,56,37,[56],https://bandit.readthedocs.io/en/1.7.4/blacklists/blacklist_calls.html#b311-random
shuup/shuup/shuup/testing/modules/demo/__init__.py,blacklist,B311,LOW,HIGH,https://cwe.mitre.org/data/definitions/330.html,Standard pseudo-random generators are not suitable for security/cryptographic purposes.,74,74,[74],https://bandit.readthedocs.io/en/1.7.4/blacklists/blacklist_calls.html#b311-random
shuup/shuup/shuup/testing/modules/demo/__init__.py,blacklist,B311,LOW,HIGH,https://cwe.mitre.org/data/definitions/330.html,Standard pseudo-random generators are not suitable for security/cryptographic purposes.,89,72,[89],https://bandit.readthedocs.io/en/1.7.4/blacklists/blacklist_calls.html#b311-random
shuup/shuup/shuup/testing/modules/mocker/mocker_view.py,try_except_pass,B110,LOW,HIGH,https://cwe.mitre.org/data/definitions/703.html,"Try, Except, Pass detected.",41,8,[41],https://bandit.readthedocs.io/en/1.7.4/plugins/b110_try_except_pass.html
shuup/shuup/shuup/testing/modules/mocker/mocker_view.py,try_except_pass,B110,LOW,HIGH,https://cwe.mitre.org/data/definitions/703.html,"Try, Except, Pass detected.",50,8,[50],https://bandit.readthedocs.io/en/1.7.4/plugins/b110_try_except_pass.html
shuup/shuup/shuup/testing/modules/mocker/mocker_view.py,try_except_pass,B110,LOW,HIGH,https://cwe.mitre.org/data/definitions/703.html,"Try, Except, Pass detected.",59,8,[59],https://bandit.readthedocs.io/en/1.7.4/plugins/b110_try_except_pass.html
shuup/shuup/shuup/testing/modules/mocker/mocker_view.py,blacklist,B311,LOW,HIGH,https://cwe.mitre.org/data/definitions/330.html,Standard pseudo-random generators are not suitable for security/cryptographic purposes.,65,56,[65],https://bandit.readthedocs.io/en/1.7.4/blacklists/blacklist_calls.html#b311-random
shuup/shuup/shuup/testing/modules/mocker/mocker_view.py,try_except_pass,B110,LOW,HIGH,https://cwe.mitre.org/data/definitions/703.html,"Try, Except, Pass detected.",70,8,[70],https://bandit.readthedocs.io/en/1.7.4/plugins/b110_try_except_pass.html
shuup/shuup/shuup/testing/modules/mocker/mocker_view.py,blacklist,B311,LOW,HIGH,https://cwe.mitre.org/data/definitions/330.html,Standard pseudo-random generators are not suitable for security/cryptographic purposes.,76,54,[76],https://bandit.readthedocs.io/en/1.7.4/blacklists/blacklist_calls.html#b311-random
shuup/shuup/shuup/testing/modules/mocker/mocker_view.py,try_except_pass,B110,LOW,HIGH,https://cwe.mitre.org/data/definitions/703.html,"Try, Except, Pass detected.",81,8,[81],https://bandit.readthedocs.io/en/1.7.4/plugins/b110_try_except_pass.html
shuup/shuup/shuup/testing/modules/sample_data/factories.py,blacklist,B311,LOW,HIGH,https://cwe.mitre.org/data/definitions/330.html,Standard pseudo-random generators are not suitable for security/cryptographic purposes.,73,46,[73],https://bandit.readthedocs.io/en/1.7.4/blacklists/blacklist_calls.html#b311-random
shuup/shuup/shuup/testing/modules/sample_data/factories.py,blacklist,B311,LOW,HIGH,https://cwe.mitre.org/data/definitions/330.html,Standard pseudo-random generators are not suitable for security/cryptographic purposes.,73,64,[73],https://bandit.readthedocs.io/en/1.7.4/blacklists/blacklist_calls.html#b311-random
shuup/shuup/shuup/testing/modules/sample_data/factories.py,blacklist,B311,LOW,HIGH,https://cwe.mitre.org/data/definitions/330.html,Standard pseudo-random generators are not suitable for security/cryptographic purposes.,94,41,[94],https://bandit.readthedocs.io/en/1.7.4/blacklists/blacklist_calls.html#b311-random
shuup/shuup/shuup/testing/text_data.py,blacklist,B311,LOW,HIGH,https://cwe.mitre.org/data/definitions/330.html,Standard pseudo-random generators are not suitable for security/cryptographic purposes.,658,12,[658],https://bandit.readthedocs.io/en/1.7.4/blacklists/blacklist_calls.html#b311-random
shuup/shuup/shuup/testing/text_data.py,blacklist,B311,LOW,HIGH,https://cwe.mitre.org/data/definitions/330.html,Standard pseudo-random generators are not suitable for security/cryptographic purposes.,659,7,[659],https://bandit.readthedocs.io/en/1.7.4/blacklists/blacklist_calls.html#b311-random
shuup/shuup/shuup/testing/text_data.py,blacklist,B311,LOW,HIGH,https://cwe.mitre.org/data/definitions/330.html,Standard pseudo-random generators are not suitable for security/cryptographic purposes.,660,20,[660],https://bandit.readthedocs.io/en/1.7.4/blacklists/blacklist_calls.html#b311-random
shuup/shuup/shuup/testing/text_data.py,blacklist,B311,LOW,HIGH,https://cwe.mitre.org/data/definitions/330.html,Standard pseudo-random generators are not suitable for security/cryptographic purposes.,661,16,[661],https://bandit.readthedocs.io/en/1.7.4/blacklists/blacklist_calls.html#b311-random
shuup/shuup/shuup/utils/dates.py,try_except_pass,B110,LOW,HIGH,https://cwe.mitre.org/data/definitions/703.html,"Try, Except, Pass detected.",85,8,[85],https://bandit.readthedocs.io/en/1.7.4/plugins/b110_try_except_pass.html
shuup/shuup/shuup/utils/dates.py,try_except_pass,B110,LOW,HIGH,https://cwe.mitre.org/data/definitions/703.html,"Try, Except, Pass detected.",89,4,[89],https://bandit.readthedocs.io/en/1.7.4/plugins/b110_try_except_pass.html
shuup/shuup/shuup/utils/dates.py,try_except_pass,B110,LOW,HIGH,https://cwe.mitre.org/data/definitions/703.html,"Try, Except, Pass detected.",98,8,[98],https://bandit.readthedocs.io/en/1.7.4/plugins/b110_try_except_pass.html
shuup/shuup/shuup/utils/dates.py,try_except_pass,B110,LOW,HIGH,https://cwe.mitre.org/data/definitions/703.html,"Try, Except, Pass detected.",102,4,[102],https://bandit.readthedocs.io/en/1.7.4/plugins/b110_try_except_pass.html
shuup/shuup/shuup/utils/dates.py,try_except_pass,B110,LOW,HIGH,https://cwe.mitre.org/data/definitions/703.html,"Try, Except, Pass detected.",111,8,[111],https://bandit.readthedocs.io/en/1.7.4/plugins/b110_try_except_pass.html
shuup/shuup/shuup/utils/filer.py,hashlib,B324,HIGH,HIGH,https://cwe.mitre.org/data/definitions/327.html,"Use of weak MD4, MD5, or SHA1 hash for security. Consider usedforsecurity=False",170,15,[170],https://bandit.readthedocs.io/en/1.7.4/plugins/b324_hashlib.html
shuup/shuup/shuup/xtheme/_theme.py,django_mark_safe,B703,MEDIUM,HIGH,https://cwe.mitre.org/data/definitions/80.html,Potential XSS on mark_safe function.,362,15,[362],https://bandit.readthedocs.io/en/1.7.4/plugins/b703_django_mark_safe.html
shuup/shuup/shuup/xtheme/_theme.py,blacklist,B308,MEDIUM,HIGH,https://cwe.mitre.org/data/definitions/79.html,Use of mark_safe() may expose cross-site scripting vulnerabilities and should be reviewed.,362,15,[362],https://bandit.readthedocs.io/en/1.7.4/blacklists/blacklist_calls.html#b308-mark-safe
shuup/shuup/shuup/xtheme/extenders.py,try_except_pass,B110,LOW,HIGH,https://cwe.mitre.org/data/definitions/703.html,"Try, Except, Pass detected.",41,12,[41],https://bandit.readthedocs.io/en/1.7.4/plugins/b110_try_except_pass.html
shuup/shuup/shuup/xtheme/extenders.py,django_mark_safe,B703,MEDIUM,HIGH,https://cwe.mitre.org/data/definitions/80.html,Potential XSS on mark_safe function.,46,15,[46],https://bandit.readthedocs.io/en/1.7.4/plugins/b703_django_mark_safe.html
shuup/shuup/shuup/xtheme/extenders.py,blacklist,B308,MEDIUM,HIGH,https://cwe.mitre.org/data/definitions/79.html,Use of mark_safe() may expose cross-site scripting vulnerabilities and should be reviewed.,46,15,[46],https://bandit.readthedocs.io/en/1.7.4/blacklists/blacklist_calls.html#b308-mark-safe
shuup/shuup/shuup/xtheme/layout/_base.py,django_mark_safe,B703,MEDIUM,HIGH,https://cwe.mitre.org/data/definitions/80.html,Potential XSS on mark_safe function.,91,19,[91],https://bandit.readthedocs.io/en/1.7.4/plugins/b703_django_mark_safe.html
shuup/shuup/shuup/xtheme/layout/_base.py,blacklist,B308,MEDIUM,HIGH,https://cwe.mitre.org/data/definitions/79.html,Use of mark_safe() may expose cross-site scripting vulnerabilities and should be reviewed.,91,19,[91],https://bandit.readthedocs.io/en/1.7.4/blacklists/blacklist_calls.html#b308-mark-safe
shuup/shuup/shuup/xtheme/layout/_base.py,hashlib,B324,HIGH,HIGH,https://cwe.mitre.org/data/definitions/327.html,"Use of weak MD4, MD5, or SHA1 hash for security. Consider usedforsecurity=False",102,27,[102],https://bandit.readthedocs.io/en/1.7.4/plugins/b324_hashlib.html
shuup/shuup/shuup/xtheme/layout/_base.py,django_mark_safe,B703,MEDIUM,HIGH,https://cwe.mitre.org/data/definitions/80.html,Potential XSS on mark_safe function.,119,19,[119],https://bandit.readthedocs.io/en/1.7.4/plugins/b703_django_mark_safe.html
shuup/shuup/shuup/xtheme/layout/_base.py,blacklist,B308,MEDIUM,HIGH,https://cwe.mitre.org/data/definitions/79.html,Use of mark_safe() may expose cross-site scripting vulnerabilities and should be reviewed.,119,19,[119],https://bandit.readthedocs.io/en/1.7.4/blacklists/blacklist_calls.html#b308-mark-safe
shuup/shuup/shuup/xtheme/layout/_base.py,django_mark_safe,B703,MEDIUM,HIGH,https://cwe.mitre.org/data/definitions/80.html,Potential XSS on mark_safe function.,119,29,[119],https://bandit.readthedocs.io/en/1.7.4/plugins/b703_django_mark_safe.html
shuup/shuup/shuup/xtheme/layout/_base.py,blacklist,B308,MEDIUM,HIGH,https://cwe.mitre.org/data/definitions/79.html,Use of mark_safe() may expose cross-site scripting vulnerabilities and should be reviewed.,119,29,[119],https://bandit.readthedocs.io/en/1.7.4/blacklists/blacklist_calls.html#b308-mark-safe
shuup/shuup/shuup/xtheme/plugins/text.py,django_mark_safe,B703,MEDIUM,HIGH,https://cwe.mitre.org/data/definitions/80.html,Potential XSS on mark_safe function.,27,15,[27],https://bandit.readthedocs.io/en/1.7.4/plugins/b703_django_mark_safe.html
shuup/shuup/shuup/xtheme/plugins/text.py,blacklist,B308,MEDIUM,HIGH,https://cwe.mitre.org/data/definitions/79.html,Use of mark_safe() may expose cross-site scripting vulnerabilities and should be reviewed.,27,15,[27],https://bandit.readthedocs.io/en/1.7.4/blacklists/blacklist_calls.html#b308-mark-safe
shuup/shuup/shuup/xtheme/plugins/widgets.py,django_mark_safe,B703,MEDIUM,HIGH,https://cwe.mitre.org/data/definitions/80.html,Potential XSS on mark_safe function.,17,15,"[17, 18, 19, 20, 21, 22, 23]",https://bandit.readthedocs.io/en/1.7.4/plugins/b703_django_mark_safe.html
shuup/shuup/shuup/xtheme/plugins/widgets.py,blacklist,B308,MEDIUM,HIGH,https://cwe.mitre.org/data/definitions/79.html,Use of mark_safe() may expose cross-site scripting vulnerabilities and should be reviewed.,17,15,"[17, 18, 19, 20, 21, 22, 23]",https://bandit.readthedocs.io/en/1.7.4/blacklists/blacklist_calls.html#b308-mark-safe
shuup/shuup/shuup/xtheme/resources.py,django_mark_safe,B703,MEDIUM,HIGH,https://cwe.mitre.org/data/definitions/80.html,Potential XSS on mark_safe function.,165,15,[165],https://bandit.readthedocs.io/en/1.7.4/plugins/b703_django_mark_safe.html
shuup/shuup/shuup/xtheme/resources.py,blacklist,B308,MEDIUM,HIGH,https://cwe.mitre.org/data/definitions/79.html,Use of mark_safe() may expose cross-site scripting vulnerabilities and should be reviewed.,165,15,[165],https://bandit.readthedocs.io/en/1.7.4/blacklists/blacklist_calls.html#b308-mark-safe
shuup/shuup/shuup_setup_utils/commands.py,subprocess_without_shell_equals_true,B603,LOW,HIGH,https://cwe.mitre.org/data/definitions/78.html,subprocess call - check for execution of untrusted input.,123,12,[123],https://bandit.readthedocs.io/en/1.7.4/plugins/b603_subprocess_without_shell_equals_true.html
shuup/shuup/shuup_setup_utils/nodejs_verify.py,subprocess_popen_with_shell_equals_true,B602,HIGH,HIGH,https://cwe.mitre.org/data/definitions/78.html,"subprocess call with shell=True identified, security issue.",43,11,[43],https://bandit.readthedocs.io/en/1.7.4/plugins/b602_subprocess_popen_with_shell_equals_true.html
shuup/shuup/shuup_setup_utils/resource_building.py,subprocess_popen_with_shell_equals_true,B602,HIGH,HIGH,https://cwe.mitre.org/data/definitions/78.html,"subprocess call with shell=True identified, security issue.",90,12,[90],https://bandit.readthedocs.io/en/1.7.4/plugins/b602_subprocess_popen_with_shell_equals_true.html
shuup/shuup/shuup_setup_utils/resource_building.py,subprocess_popen_with_shell_equals_true,B602,HIGH,HIGH,https://cwe.mitre.org/data/definitions/78.html,"subprocess call with shell=True identified, security issue.",96,8,[96],https://bandit.readthedocs.io/en/1.7.4/plugins/b602_subprocess_popen_with_shell_equals_true.html
shuup/shuup/shuup_setup_utils/versions.py,subprocess_without_shell_equals_true,B603,LOW,HIGH,https://cwe.mitre.org/data/definitions/78.html,subprocess call - check for execution of untrusted input.,63,20,[63],https://bandit.readthedocs.io/en/1.7.4/plugins/b603_subprocess_without_shell_equals_true.html
shuup/shuup/shuup_tests/admin/test_active_shop_and_supplier.py,hardcoded_password_funcarg,B106,LOW,MEDIUM,https://cwe.mitre.org/data/definitions/259.html,Possible hardcoded password: 'randpw',38,8,[38],https://bandit.readthedocs.io/en/1.7.4/plugins/b106_hardcoded_password_funcarg.html
shuup/shuup/shuup_tests/admin/test_active_shop_and_supplier.py,hardcoded_password_funcarg,B106,LOW,MEDIUM,https://cwe.mitre.org/data/definitions/259.html,Possible hardcoded password: 'randpw',50,8,[50],https://bandit.readthedocs.io/en/1.7.4/plugins/b106_hardcoded_password_funcarg.html
shuup/shuup/shuup_tests/admin/test_admin_menu.py,jinja2_autoescape_false,B701,HIGH,HIGH,https://cwe.mitre.org/data/definitions/94.html,"By default, jinja2 sets autoescape to False. Consider using autoescape=True or use the select_autoescape function to mitigate XSS vulnerabilities.",142,10,[142],https://bandit.readthedocs.io/en/1.7.4/plugins/b701_jinja2_autoescape_false.html
shuup/shuup/shuup_tests/admin/test_authentication.py,hardcoded_password_funcarg,B106,LOW,MEDIUM,https://cwe.mitre.org/data/definitions/259.html,Possible hardcoded password: 'randpw',30,4,[30],https://bandit.readthedocs.io/en/1.7.4/plugins/b106_hardcoded_password_funcarg.html
shuup/shuup/shuup_tests/admin/test_contact_page.py,hardcoded_password_funcarg,B106,LOW,MEDIUM,https://cwe.mitre.org/data/definitions/259.html,Possible hardcoded password: 'asdfg',60,18,"[60, 61]",https://bandit.readthedocs.io/en/1.7.4/plugins/b106_hardcoded_password_funcarg.html
shuup/shuup/shuup_tests/admin/test_login_with_email.py,hardcoded_password_funcarg,B106,LOW,MEDIUM,https://cwe.mitre.org/data/definitions/259.html,Possible hardcoded password: '123123',66,4,[66],https://bandit.readthedocs.io/en/1.7.4/plugins/b106_hardcoded_password_funcarg.html
shuup/shuup/shuup_tests/admin/test_login_with_email.py,hardcoded_password_string,B105,LOW,MEDIUM,https://cwe.mitre.org/data/definitions/259.html,Possible hardcoded password: '123123',117,24,[117],https://bandit.readthedocs.io/en/1.7.4/plugins/b105_hardcoded_password_string.html
shuup/shuup/shuup_tests/admin/test_media_module.py,hardcoded_password_funcarg,B106,LOW,MEDIUM,https://cwe.mitre.org/data/definitions/259.html,Possible hardcoded password: 'password',388,4,[388],https://bandit.readthedocs.io/en/1.7.4/plugins/b106_hardcoded_password_funcarg.html
shuup/shuup/shuup_tests/admin/test_media_module.py,hardcoded_password_funcarg,B106,LOW,MEDIUM,https://cwe.mitre.org/data/definitions/259.html,Possible hardcoded password: 'password',404,8,[404],https://bandit.readthedocs.io/en/1.7.4/plugins/b106_hardcoded_password_funcarg.html
shuup/shuup/shuup_tests/admin/test_password_reset.py,hardcoded_password_string,B105,LOW,MEDIUM,https://cwe.mitre.org/data/definitions/259.html,Possible hardcoded password: 'new_pass',36,19,[36],https://bandit.readthedocs.io/en/1.7.4/plugins/b105_hardcoded_password_string.html
shuup/shuup/shuup_tests/admin/test_password_reset.py,hardcoded_password_string,B105,LOW,MEDIUM,https://cwe.mitre.org/data/definitions/259.html,Possible hardcoded password: 'new_pass',91,19,[91],https://bandit.readthedocs.io/en/1.7.4/plugins/b105_hardcoded_password_string.html
shuup/shuup/shuup_tests/admin/test_password_reset.py,hardcoded_password_funcarg,B106,LOW,MEDIUM,https://cwe.mitre.org/data/definitions/259.html,Possible hardcoded password: 'invalid',93,55,[93],https://bandit.readthedocs.io/en/1.7.4/plugins/b106_hardcoded_password_funcarg.html
shuup/shuup/shuup_tests/admin/test_product_create.py,hardcoded_password_funcarg,B106,LOW,MEDIUM,https://cwe.mitre.org/data/definitions/259.html,Possible hardcoded password: 'password',34,8,[34],https://bandit.readthedocs.io/en/1.7.4/plugins/b106_hardcoded_password_funcarg.html
shuup/shuup/shuup_tests/admin/test_shop_edit.py,hardcoded_password_funcarg,B106,LOW,MEDIUM,https://cwe.mitre.org/data/definitions/259.html,Possible hardcoded password: 'password',79,8,[79],https://bandit.readthedocs.io/en/1.7.4/plugins/b106_hardcoded_password_funcarg.html
shuup/shuup/shuup_tests/admin/test_shop_edit.py,hardcoded_password_funcarg,B106,LOW,MEDIUM,https://cwe.mitre.org/data/definitions/259.html,Possible hardcoded password: 'password',102,4,[102],https://bandit.readthedocs.io/en/1.7.4/plugins/b106_hardcoded_password_funcarg.html
shuup/shuup/shuup_tests/admin/test_user_module.py,hardcoded_password_funcarg,B106,LOW,MEDIUM,https://cwe.mitre.org/data/definitions/259.html,Possible hardcoded password: 'suihku',52,11,"[52, 53, 54, 55, 56]",https://bandit.readthedocs.io/en/1.7.4/plugins/b106_hardcoded_password_funcarg.html
shuup/shuup/shuup_tests/admin/test_user_module.py,hardcoded_password_funcarg,B106,LOW,MEDIUM,https://cwe.mitre.org/data/definitions/259.html,Possible hardcoded password: 'suihku',68,11,"[68, 69, 70, 71, 72, 73, 74]",https://bandit.readthedocs.io/en/1.7.4/plugins/b106_hardcoded_password_funcarg.html
shuup/shuup/shuup_tests/admin/test_user_module.py,hardcoded_password_funcarg,B106,LOW,MEDIUM,https://cwe.mitre.org/data/definitions/259.html,Possible hardcoded password: 'suihkuunheti',85,11,"[85, 86, 87, 88, 89]",https://bandit.readthedocs.io/en/1.7.4/plugins/b106_hardcoded_password_funcarg.html
shuup/shuup/shuup_tests/admin/test_user_module.py,hardcoded_password_funcarg,B106,LOW,MEDIUM,https://cwe.mitre.org/data/definitions/259.html,Possible hardcoded password: 'suihkuunheti',111,11,"[111, 112, 113, 114, 115, 116]",https://bandit.readthedocs.io/en/1.7.4/plugins/b106_hardcoded_password_funcarg.html
shuup/shuup/shuup_tests/admin/test_user_module.py,hardcoded_password_funcarg,B106,LOW,MEDIUM,https://cwe.mitre.org/data/definitions/259.html,Possible hardcoded password: 'suihku',138,11,"[138, 139, 140, 141, 142, 143, 144]",https://bandit.readthedocs.io/en/1.7.4/plugins/b106_hardcoded_password_funcarg.html
shuup/shuup/shuup_tests/admin/test_user_module.py,hardcoded_password_funcarg,B106,LOW,MEDIUM,https://cwe.mitre.org/data/definitions/259.html,Possible hardcoded password: 'suihku',213,11,"[213, 214, 215, 216, 217, 218, 219]",https://bandit.readthedocs.io/en/1.7.4/plugins/b106_hardcoded_password_funcarg.html
shuup/shuup/shuup_tests/admin/test_user_module.py,hardcoded_password_string,B105,LOW,MEDIUM,https://cwe.mitre.org/data/definitions/259.html,Possible hardcoded password: 'HELLO WORLD',339,9,[339],https://bandit.readthedocs.io/en/1.7.4/plugins/b105_hardcoded_password_string.html
shuup/shuup/shuup_tests/admin/test_views.py,hardcoded_password_funcarg,B106,LOW,MEDIUM,https://cwe.mitre.org/data/definitions/259.html,Possible hardcoded password: 'password',150,4,[150],https://bandit.readthedocs.io/en/1.7.4/plugins/b106_hardcoded_password_funcarg.html
shuup/shuup/shuup_tests/browser/front/test_checkout_with_login_and_register.py,hardcoded_password_string,B105,LOW,MEDIUM,https://cwe.mitre.org/data/definitions/259.html,Possible hardcoded password: 'test_password',67,20,[67],https://bandit.readthedocs.io/en/1.7.4/plugins/b105_hardcoded_password_string.html
shuup/shuup/shuup_tests/browser/front/test_checkout_with_login_and_register.py,hardcoded_password_string,B105,LOW,MEDIUM,https://cwe.mitre.org/data/definitions/259.html,Possible hardcoded password: 'test_password',101,20,[101],https://bandit.readthedocs.io/en/1.7.4/plugins/b105_hardcoded_password_string.html
shuup/shuup/shuup_tests/browser/front/test_xtheme_edit.py,hardcoded_password_string,B105,LOW,MEDIUM,https://cwe.mitre.org/data/definitions/259.html,Possible hardcoded password: 'timo123',76,15,[76],https://bandit.readthedocs.io/en/1.7.4/plugins/b105_hardcoded_password_string.html
shuup/shuup/shuup_tests/cache/test_lang_lru_cache.py,blacklist,B311,LOW,HIGH,https://cwe.mitre.org/data/definitions/330.html,Standard pseudo-random generators are not suitable for security/cryptographic purposes.,18,15,[18],https://bandit.readthedocs.io/en/1.7.4/blacklists/blacklist_calls.html#b311-random
shuup/shuup/shuup_tests/conftest.py,hardcoded_sql_expressions,B608,MEDIUM,MEDIUM,https://cwe.mitre.org/data/definitions/89.html,Possible SQL injection vector through string-based query construction.,93,19,[93],https://bandit.readthedocs.io/en/1.7.4/plugins/b608_hardcoded_sql_expressions.html
shuup/shuup/shuup_tests/core/test_order_reference.py,hashlib,B324,HIGH,HIGH,https://cwe.mitre.org/data/definitions/327.html,"Use of weak MD4, MD5, or SHA1 hash for security. Consider usedforsecurity=False",23,11,[23],https://bandit.readthedocs.io/en/1.7.4/plugins/b324_hashlib.html
shuup/shuup/shuup_tests/core/test_telemetry.py,hardcoded_password_funcarg,B106,LOW,MEDIUM,https://cwe.mitre.org/data/definitions/259.html,Possible hardcoded password: 'password',88,4,[88],https://bandit.readthedocs.io/en/1.7.4/plugins/b106_hardcoded_password_funcarg.html
shuup/shuup/shuup_tests/default_reports/utils.py,blacklist,B311,LOW,HIGH,https://cwe.mitre.org/data/definitions/330.html,Standard pseudo-random generators are not suitable for security/cryptographic purposes.,21,27,[21],https://bandit.readthedocs.io/en/1.7.4/blacklists/blacklist_calls.html#b311-random
shuup/shuup/shuup_tests/default_reports/utils.py,blacklist,B311,LOW,HIGH,https://cwe.mitre.org/data/definitions/330.html,Standard pseudo-random generators are not suitable for security/cryptographic purposes.,25,16,[25],https://bandit.readthedocs.io/en/1.7.4/blacklists/blacklist_calls.html#b311-random
shuup/shuup/shuup_tests/default_reports/utils.py,blacklist,B311,LOW,HIGH,https://cwe.mitre.org/data/definitions/330.html,Standard pseudo-random generators are not suitable for security/cryptographic purposes.,33,18,[33],https://bandit.readthedocs.io/en/1.7.4/blacklists/blacklist_calls.html#b311-random
shuup/shuup/shuup_tests/default_reports/utils.py,blacklist,B311,LOW,HIGH,https://cwe.mitre.org/data/definitions/330.html,Standard pseudo-random generators are not suitable for security/cryptographic purposes.,36,19,[36],https://bandit.readthedocs.io/en/1.7.4/blacklists/blacklist_calls.html#b311-random
shuup/shuup/shuup_tests/discounts/test_discount_amount.py,blacklist,B311,LOW,HIGH,https://cwe.mitre.org/data/definitions/330.html,Standard pseudo-random generators are not suitable for security/cryptographic purposes.,40,42,[40],https://bandit.readthedocs.io/en/1.7.4/blacklists/blacklist_calls.html#b311-random
shuup/shuup/shuup_tests/discounts/test_discount_amount.py,blacklist,B311,LOW,HIGH,https://cwe.mitre.org/data/definitions/330.html,Standard pseudo-random generators are not suitable for security/cryptographic purposes.,47,38,[47],https://bandit.readthedocs.io/en/1.7.4/blacklists/blacklist_calls.html#b311-random
shuup/shuup/shuup_tests/discounts/test_discount_amount.py,blacklist,B311,LOW,HIGH,https://cwe.mitre.org/data/definitions/330.html,Standard pseudo-random generators are not suitable for security/cryptographic purposes.,52,38,[52],https://bandit.readthedocs.io/en/1.7.4/blacklists/blacklist_calls.html#b311-random
shuup/shuup/shuup_tests/discounts/test_discount_amount.py,blacklist,B311,LOW,HIGH,https://cwe.mitre.org/data/definitions/330.html,Standard pseudo-random generators are not suitable for security/cryptographic purposes.,58,32,[58],https://bandit.readthedocs.io/en/1.7.4/blacklists/blacklist_calls.html#b311-random
shuup/shuup/shuup_tests/discounts/test_discount_percentage.py,blacklist,B311,LOW,HIGH,https://cwe.mitre.org/data/definitions/330.html,Standard pseudo-random generators are not suitable for security/cryptographic purposes.,34,38,[34],https://bandit.readthedocs.io/en/1.7.4/blacklists/blacklist_calls.html#b311-random
shuup/shuup/shuup_tests/discounts/test_discount_percentage.py,blacklist,B311,LOW,HIGH,https://cwe.mitre.org/data/definitions/330.html,Standard pseudo-random generators are not suitable for security/cryptographic purposes.,40,42,[40],https://bandit.readthedocs.io/en/1.7.4/blacklists/blacklist_calls.html#b311-random
shuup/shuup/shuup_tests/discounts/test_discount_percentage.py,blacklist,B311,LOW,HIGH,https://cwe.mitre.org/data/definitions/330.html,Standard pseudo-random generators are not suitable for security/cryptographic purposes.,48,42,[48],https://bandit.readthedocs.io/en/1.7.4/blacklists/blacklist_calls.html#b311-random
shuup/shuup/shuup_tests/discounts/test_discount_percentage.py,blacklist,B311,LOW,HIGH,https://cwe.mitre.org/data/definitions/330.html,Standard pseudo-random generators are not suitable for security/cryptographic purposes.,56,32,[56],https://bandit.readthedocs.io/en/1.7.4/blacklists/blacklist_calls.html#b311-random
shuup/shuup/shuup_tests/discounts/test_discounted_price.py,blacklist,B311,LOW,HIGH,https://cwe.mitre.org/data/definitions/330.html,Standard pseudo-random generators are not suitable for security/cryptographic purposes.,41,43,[41],https://bandit.readthedocs.io/en/1.7.4/blacklists/blacklist_calls.html#b311-random
shuup/shuup/shuup_tests/discounts/test_discounted_price.py,blacklist,B311,LOW,HIGH,https://cwe.mitre.org/data/definitions/330.html,Standard pseudo-random generators are not suitable for security/cryptographic purposes.,47,39,[47],https://bandit.readthedocs.io/en/1.7.4/blacklists/blacklist_calls.html#b311-random
shuup/shuup/shuup_tests/front/fixtures.py,jinja2_autoescape_false,B701,HIGH,HIGH,https://cwe.mitre.org/data/definitions/94.html,"By default, jinja2 sets autoescape to False. Consider using autoescape=True or use the select_autoescape function to mitigate XSS vulnerabilities.",38,10,[38],https://bandit.readthedocs.io/en/1.7.4/plugins/b701_jinja2_autoescape_false.html
shuup/shuup/shuup_tests/front/test_all_categories.py,blacklist,B311,LOW,HIGH,https://cwe.mitre.org/data/definitions/330.html,Standard pseudo-random generators are not suitable for security/cryptographic purposes.,45,24,[45],https://bandit.readthedocs.io/en/1.7.4/blacklists/blacklist_calls.html#b311-random
shuup/shuup/shuup_tests/front/test_auth.py,hardcoded_password_funcarg,B106,LOW,MEDIUM,https://cwe.mitre.org/data/definitions/259.html,Possible hardcoded password: '123123',121,4,[121],https://bandit.readthedocs.io/en/1.7.4/plugins/b106_hardcoded_password_funcarg.html
shuup/shuup/shuup_tests/front/test_auth.py,hardcoded_password_string,B105,LOW,MEDIUM,https://cwe.mitre.org/data/definitions/259.html,Possible hardcoded password: '123123',170,24,[170],https://bandit.readthedocs.io/en/1.7.4/plugins/b105_hardcoded_password_string.html
shuup/shuup/shuup_tests/front/test_basket.py,hardcoded_password_string,B105,LOW,MEDIUM,https://cwe.mitre.org/data/definitions/259.html,Possible hardcoded password: 'qwerty',327,25,[327],https://bandit.readthedocs.io/en/1.7.4/plugins/b105_hardcoded_password_string.html
shuup/shuup/shuup_tests/front/test_checkout_flow.py,blacklist,B311,LOW,HIGH,https://cwe.mitre.org/data/definitions/330.html,Standard pseudo-random generators are not suitable for security/cryptographic purposes.,43,53,[43],https://bandit.readthedocs.io/en/1.7.4/blacklists/blacklist_calls.html#b311-random
shuup/shuup/shuup_tests/front/test_classic_gray_theme_settings.py,hardcoded_password_funcarg,B106,LOW,MEDIUM,https://cwe.mitre.org/data/definitions/259.html,Possible hardcoded password: 'admin',43,12,[43],https://bandit.readthedocs.io/en/1.7.4/plugins/b106_hardcoded_password_funcarg.html
shuup/shuup/shuup_tests/front/test_customer_information.py,hardcoded_password_string,B105,LOW,MEDIUM,https://cwe.mitre.org/data/definitions/259.html,Possible hardcoded password: 'niilo',72,24,[72],https://bandit.readthedocs.io/en/1.7.4/plugins/b105_hardcoded_password_string.html
shuup/shuup/shuup_tests/front/test_customer_information.py,hardcoded_password_string,B105,LOW,MEDIUM,https://cwe.mitre.org/data/definitions/259.html,Possible hardcoded password: '12345',212,19,[212],https://bandit.readthedocs.io/en/1.7.4/plugins/b105_hardcoded_password_string.html
shuup/shuup/shuup_tests/front/test_customer_information.py,hardcoded_password_string,B105,LOW,MEDIUM,https://cwe.mitre.org/data/definitions/259.html,Possible hardcoded password: 'derpy',256,28,[256],https://bandit.readthedocs.io/en/1.7.4/plugins/b105_hardcoded_password_string.html
shuup/shuup/shuup_tests/front/test_languages.py,hardcoded_password_funcarg,B106,LOW,MEDIUM,https://cwe.mitre.org/data/definitions/259.html,Possible hardcoded password: 'admin',113,4,[113],https://bandit.readthedocs.io/en/1.7.4/plugins/b106_hardcoded_password_funcarg.html
shuup/shuup/shuup_tests/front/test_registration.py,hardcoded_password_funcarg,B106,LOW,MEDIUM,https://cwe.mitre.org/data/definitions/259.html,Possible hardcoded password: 'asdfg',111,11,[111],https://bandit.readthedocs.io/en/1.7.4/plugins/b106_hardcoded_password_funcarg.html
shuup/shuup/shuup_tests/front/test_registration.py,hardcoded_password_funcarg,B106,LOW,MEDIUM,https://cwe.mitre.org/data/definitions/259.html,Possible hardcoded password: 'asdfg',123,11,[123],https://bandit.readthedocs.io/en/1.7.4/plugins/b106_hardcoded_password_funcarg.html
shuup/shuup/shuup_tests/front/test_registration.py,hardcoded_password_funcarg,B106,LOW,MEDIUM,https://cwe.mitre.org/data/definitions/259.html,Possible hardcoded password: 'asdfg',135,11,[135],https://bandit.readthedocs.io/en/1.7.4/plugins/b106_hardcoded_password_funcarg.html
shuup/shuup/shuup_tests/front/test_registration.py,hardcoded_password_funcarg,B106,LOW,MEDIUM,https://cwe.mitre.org/data/definitions/259.html,Possible hardcoded password: 'asdfg',136,4,[136],https://bandit.readthedocs.io/en/1.7.4/plugins/b106_hardcoded_password_funcarg.html
shuup/shuup/shuup_tests/front/test_registration.py,hardcoded_password_funcarg,B106,LOW,MEDIUM,https://cwe.mitre.org/data/definitions/259.html,Possible hardcoded password: 'asdfg',149,11,[149],https://bandit.readthedocs.io/en/1.7.4/plugins/b106_hardcoded_password_funcarg.html
shuup/shuup/shuup_tests/front/test_reorder.py,hardcoded_password_funcarg,B106,LOW,MEDIUM,https://cwe.mitre.org/data/definitions/259.html,Possible hardcoded password: 'user',55,4,[55],https://bandit.readthedocs.io/en/1.7.4/plugins/b106_hardcoded_password_funcarg.html
shuup/shuup/shuup_tests/functional/test_shipment_delete_with_simple_supplier.py,blacklist,B311,LOW,HIGH,https://cwe.mitre.org/data/definitions/330.html,Standard pseudo-random generators are not suitable for security/cryptographic purposes.,23,10,[23],https://bandit.readthedocs.io/en/1.7.4/blacklists/blacklist_calls.html#b311-random
shuup/shuup/shuup_tests/functional/test_simple_supplier_out_of_stock.py,blacklist,B311,LOW,HIGH,https://cwe.mitre.org/data/definitions/330.html,Standard pseudo-random generators are not suitable for security/cryptographic purposes.,39,10,[39],https://bandit.readthedocs.io/en/1.7.4/blacklists/blacklist_calls.html#b311-random
shuup/shuup/shuup_tests/gdpr/test_admin_module.py,hardcoded_password_funcarg,B106,LOW,MEDIUM,https://cwe.mitre.org/data/definitions/259.html,Possible hardcoded password: 'admin',33,4,[33],https://bandit.readthedocs.io/en/1.7.4/plugins/b106_hardcoded_password_funcarg.html
shuup/shuup/shuup_tests/gdpr/test_admin_module.py,hardcoded_password_funcarg,B106,LOW,MEDIUM,https://cwe.mitre.org/data/definitions/259.html,Possible hardcoded password: 'admin',98,4,[98],https://bandit.readthedocs.io/en/1.7.4/plugins/b106_hardcoded_password_funcarg.html
shuup/shuup/shuup_tests/gdpr/test_admin_module.py,hardcoded_password_funcarg,B106,LOW,MEDIUM,https://cwe.mitre.org/data/definitions/259.html,Possible hardcoded password: 'admin',120,4,[120],https://bandit.readthedocs.io/en/1.7.4/plugins/b106_hardcoded_password_funcarg.html
shuup/shuup/shuup_tests/gdpr/test_consent_resource.py,hardcoded_password_string,B105,LOW,MEDIUM,https://cwe.mitre.org/data/definitions/259.html,Possible hardcoded password: 'test',113,15,[113],https://bandit.readthedocs.io/en/1.7.4/plugins/b105_hardcoded_password_string.html
shuup/shuup/shuup_tests/gdpr/test_front_views.py,hardcoded_password_funcarg,B106,LOW,MEDIUM,https://cwe.mitre.org/data/definitions/259.html,Possible hardcoded password: '1234',55,4,[55],https://bandit.readthedocs.io/en/1.7.4/plugins/b106_hardcoded_password_funcarg.html
shuup/shuup/shuup_tests/importer/test_admin.py,hardcoded_password_funcarg,B106,LOW,MEDIUM,https://cwe.mitre.org/data/definitions/259.html,Possible hardcoded password: 'password',37,8,[37],https://bandit.readthedocs.io/en/1.7.4/plugins/b106_hardcoded_password_funcarg.html
shuup/shuup/shuup_tests/importer/test_admin.py,hardcoded_password_funcarg,B106,LOW,MEDIUM,https://cwe.mitre.org/data/definitions/259.html,Possible hardcoded password: 'password',192,4,[192],https://bandit.readthedocs.io/en/1.7.4/plugins/b106_hardcoded_password_funcarg.html
shuup/shuup/shuup_tests/importer/test_admin.py,hardcoded_password_funcarg,B106,LOW,MEDIUM,https://cwe.mitre.org/data/definitions/259.html,Possible hardcoded password: 'password',231,4,[231],https://bandit.readthedocs.io/en/1.7.4/plugins/b106_hardcoded_password_funcarg.html
shuup/shuup/shuup_tests/importer/test_admin.py,hardcoded_password_funcarg,B106,LOW,MEDIUM,https://cwe.mitre.org/data/definitions/259.html,Possible hardcoded password: 'password',301,4,[301],https://bandit.readthedocs.io/en/1.7.4/plugins/b106_hardcoded_password_funcarg.html
shuup/shuup/shuup_tests/importer/test_admin.py,hardcoded_password_funcarg,B106,LOW,MEDIUM,https://cwe.mitre.org/data/definitions/259.html,Possible hardcoded password: 'password',367,4,[367],https://bandit.readthedocs.io/en/1.7.4/plugins/b106_hardcoded_password_funcarg.html
shuup/shuup/shuup_tests/importer/test_admin.py,hardcoded_password_funcarg,B106,LOW,MEDIUM,https://cwe.mitre.org/data/definitions/259.html,Possible hardcoded password: 'password',418,4,[418],https://bandit.readthedocs.io/en/1.7.4/plugins/b106_hardcoded_password_funcarg.html
shuup/shuup/shuup_tests/importer/test_admin.py,hardcoded_password_funcarg,B106,LOW,MEDIUM,https://cwe.mitre.org/data/definitions/259.html,Possible hardcoded password: 'password',424,4,[424],https://bandit.readthedocs.io/en/1.7.4/plugins/b106_hardcoded_password_funcarg.html
shuup/shuup/shuup_tests/notify/test_order_notifications.py,blacklist,B311,LOW,HIGH,https://cwe.mitre.org/data/definitions/330.html,Standard pseudo-random generators are not suitable for security/cryptographic purposes.,171,53,[171],https://bandit.readthedocs.io/en/1.7.4/blacklists/blacklist_calls.html#b311-random
shuup/shuup/shuup_tests/simple_cms/test_opengraph.py,hardcoded_password_funcarg,B106,LOW,MEDIUM,https://cwe.mitre.org/data/definitions/259.html,Possible hardcoded password: 'password',20,4,[20],https://bandit.readthedocs.io/en/1.7.4/plugins/b106_hardcoded_password_funcarg.html
shuup/shuup/shuup_tests/simple_supplier/test_simple_supplier.py,blacklist,B311,LOW,HIGH,https://cwe.mitre.org/data/definitions/330.html,Standard pseudo-random generators are not suitable for security/cryptographic purposes.,44,10,[44],https://bandit.readthedocs.io/en/1.7.4/blacklists/blacklist_calls.html#b311-random
shuup/shuup/shuup_tests/simple_supplier/test_simple_supplier.py,blacklist,B311,LOW,HIGH,https://cwe.mitre.org/data/definitions/330.html,Standard pseudo-random generators are not suitable for security/cryptographic purposes.,76,15,[76],https://bandit.readthedocs.io/en/1.7.4/blacklists/blacklist_calls.html#b311-random
shuup/shuup/shuup_tests/simple_supplier/test_simple_supplier.py,blacklist,B311,LOW,HIGH,https://cwe.mitre.org/data/definitions/330.html,Standard pseudo-random generators are not suitable for security/cryptographic purposes.,112,19,[112],https://bandit.readthedocs.io/en/1.7.4/blacklists/blacklist_calls.html#b311-random
shuup/shuup/shuup_tests/simple_supplier/test_simple_supplier.py,blacklist,B311,LOW,HIGH,https://cwe.mitre.org/data/definitions/330.html,Standard pseudo-random generators are not suitable for security/cryptographic purposes.,114,26,[114],https://bandit.readthedocs.io/en/1.7.4/blacklists/blacklist_calls.html#b311-random
shuup/shuup/shuup_tests/simple_supplier/test_simple_supplier.py,blacklist,B311,LOW,HIGH,https://cwe.mitre.org/data/definitions/330.html,Standard pseudo-random generators are not suitable for security/cryptographic purposes.,332,15,[332],https://bandit.readthedocs.io/en/1.7.4/blacklists/blacklist_calls.html#b311-random
shuup/shuup/shuup_tests/supplier_prices/test_checkout_flow.py,blacklist,B311,LOW,HIGH,https://cwe.mitre.org/data/definitions/330.html,Standard pseudo-random generators are not suitable for security/cryptographic purposes.,153,47,[153],https://bandit.readthedocs.io/en/1.7.4/blacklists/blacklist_calls.html#b311-random
shuup/shuup/shuup_tests/tasks/test_admin_module.py,hardcoded_password_string,B105,LOW,MEDIUM,https://cwe.mitre.org/data/definitions/259.html,Possible hardcoded password: 'admin',22,12,"[22, 23, 24, 25]",https://bandit.readthedocs.io/en/1.7.4/plugins/b105_hardcoded_password_string.html
shuup/shuup/shuup_tests/utils/fixtures.py,hardcoded_password_string,B105,LOW,MEDIUM,https://cwe.mitre.org/data/definitions/259.html,Possible hardcoded password: 'password',10,24,[10],https://bandit.readthedocs.io/en/1.7.4/plugins/b105_hardcoded_password_string.html
shuup/shuup/shuup_tests/xtheme/test_custom_layouts.py,hardcoded_password_string,B105,LOW,MEDIUM,https://cwe.mitre.org/data/definitions/259.html,Possible hardcoded password: 'kissa123',243,15,"[243, 244, 245]",https://bandit.readthedocs.io/en/1.7.4/plugins/b105_hardcoded_password_string.html
shuup/shuup/shuup_workbench/settings/__init__.py,exec_used,B102,MEDIUM,HIGH,https://cwe.mitre.org/data/definitions/78.html,Use of exec detected.,35,12,[35],https://bandit.readthedocs.io/en/1.7.4/plugins/b102_exec_used.html
shuup/shuup/shuup_workbench/settings/base_settings.py,hardcoded_password_string,B105,LOW,MEDIUM,https://cwe.mitre.org/data/definitions/259.html,Possible hardcoded password: 'Shhhhh',12,13,[12],https://bandit.readthedocs.io/en/1.7.4/plugins/b105_hardcoded_password_string.html
shuup/shuup/shuup_workbench/settings/base_settings.py,hardcoded_password_string,B105,LOW,MEDIUM,https://cwe.mitre.org/data/definitions/259.html,Possible hardcoded password: 'Shhhhhhhhhhhhhhhhhhhhhhhhhhhhhhhh',13,20,[13],https://bandit.readthedocs.io/en/1.7.4/plugins/b105_hardcoded_password_string.html
shuup/shuup/shuup_workbench/test_settings.py,hardcoded_password_string,B105,LOW,MEDIUM,https://cwe.mitre.org/data/definitions/259.html,Possible hardcoded password: 'Shhhhh',10,13,[10],https://bandit.readthedocs.io/en/1.7.4/plugins/b105_hardcoded_password_string.html
shuup/shuup/shuup_workbench/test_settings.py,hardcoded_password_string,B105,LOW,MEDIUM,https://cwe.mitre.org/data/definitions/259.html,Possible hardcoded password: 'Shhhhhhhhhhhhhhhhhhhhhhhhhhhhhhhh',11,20,[11],https://bandit.readthedocs.io/en/1.7.4/plugins/b105_hardcoded_password_string.html
